 ,Df,Sums of squares,Mean squares,F.Model,Variation (R2),Pr (>F),sig
season,1,0.0216522218087241,0.0216522218087241,0.746783291710192,0.0448165557412053,0.54,
layer,1,0.221289260487194,0.221289260487194,7.63224780471057,0.458032555049778,0.002,**
season:layer,1,0.00823663934082555,0.00823663934082555,0.284080991498665,0.0170484955031072,0.846,
Residuals,8,0.231951861259658,0.0289939826574572,,0.48010239370591,,
Total,11,0.483129982896402,,,1,,
