,Group.1,Group.2,Richness,Shannon,Simpson,Pielou,Chao1,ACE,goods_coverage
1,Summer,0-2 cm,21,1.1258389348354,0.32335275578602,0.259796983611215,23.3166666666667,25.2708544187554,0.99961244315833
2,Winter,0-2 cm,23,1.27721339361789,0.386156018881116,0.284374484966883,28.6696428571429,30.5558236817108,0.999405746176106
3,Summer,2-5 cm,16.25,1.98671931166252,0.649755717961412,0.493302425278871,16.25,16.4902694132119,0.999948325754444
4,Winter,2-5 cm,17.75,2.08511585952178,0.683148885399981,0.503945870642474,22,NA,0.999586606035552
